ID,event
223524,Draycote Water Winter 10K Series
223537,QEOP Winter 10K Series
223538,QEOP Winter 10K Series
232067,Self Transcendence 10K
236203,EHH Boxing Day 10K
239334,Garstang 10K
254490,Ribble Valley 10K
256518,Mornington Chasers Regent's Park 10K Winter Series
256519,Mornington Chasers Regent's Park 10K Winter Series
264097,3-1-5 Lancaster 5K / 10K Series
264158,Percy Pud 10K
264161,Skegness Coasters 10K
264168,Bromham Pudding Run 10K
264171,Hoad Hill Harriers Christmas Pudding 10K
264180,Andy Reading 10K
264183,Telford 10K
265296,Beith Harriers New Year Races
265337,Seeley Cup 10K
266392,Waterside 10K
266394,Gravesend Santa Dash 5K / 10K
267471,Greenwich Park Winter 10K Series
268552,Serpentine New Year's Day 10K
268553,Wymondham AC New Year's Day 10K
268554,Wye Valley Runners New Year's Day 10K
268626,Woodcote 10K
268629,Stoke Stampede 10K
270817,Royal Parks Winter 10K Series
270848,Stubbington Green 10K
271791,RunThrough Chase The Moon Olympic Park 10K
271807,RunThrough Olympic Park 10K
273236,Tilli 10K
274422,Ayrodynamic Turkey Trot 10K
275006,RunThrough Lee Valley VeloPark 10K
